{"cameraMode":{"drawMode":0,"name":"Shaded","section":"Shading Mode"},"sceneLighting":false,"audioPlay":false,"sceneViewState":{"showFog":true,"showMaterialUpdate":false,"showSkybox":true,"showFlares":true,"showImageEffects":true,"showParticleSystems":true},"in2DMode":false,"pivot":{"x":-3.3338441848754885,"y":-7.178556442260742,"z":1.563253402709961},"rotation":{"x":-0.24424435198307038,"y":0.24603202939033509,"z":-0.06421572715044022,"w":-0.9357827305793762},"size":28.760133743286134,"orthographic":false}